﻿<?xml version="1.0" encoding="UTF-8"?>
<customUI xmlns="http://schemas.microsoft.com/office/2009/07/customui" onLoad="Ribbon_Load">
  <ribbon>
    <tabs>
      <tab idMso="TabAddIns">
        <group id="MyGroup" label="My Group">
          <button id="textButton" label="Open Form"
             screentip="Text" onAction="OnTextButton"
             supertip="Inserts text at the cursor location."/>
          <button id="tableButton" label="Insert Table"
               screentip="Table" onAction="OnTableButton"
               supertip="Inserts a table at the cursor location."/>
        </group>
      </tab>
    </tabs>
  </ribbon>
  <contextMenus>
    <contextMenu idMso="ContextMenuReadOnlyMailText">
      <button id="ReadOnlyContext"
          label="ReadOnlyContext"/>
    </contextMenu>
    <contextMenu idMso="ContextMenuText">
      <button id="EditContext"
          label="EditContext"/>
    </contextMenu>
  </contextMenus>
</customUI>

